âžœ  .ssh ssh -i ounitech-ec2-uw2.pem ec2-user@ec2-35-91-239-172.us-west-2.compute.amazonaws.com
Last login: Mon Oct  3 13:47:59 2022 from lfbn-idf2-1-1445-211.w92-169.abo.wanadoo.fr

       __|  __|_  )
       _|  (     /   Amazon Linux 2 AMI
      ___|\___|___|

https://aws.amazon.com/amazon-linux-2/
[ec2-user@ip-10-2-1-233 ~]$ mysql -u admin -p -h ounitech-rds.ci7hkybd2jrv.us-west-2.rds.amazonaws.com
Enter password: 
Welcome to the MariaDB monitor.  Commands end with ; or \g.
Your MySQL connection id is 10
Server version: 8.0.28 Source distribution

Copyright (c) 2000, 2018, Oracle, MariaDB Corporation Ab and others.

Type 'help;' or '\h' for help. Type '\c' to clear the current input statement.

MySQL [(none)]> use udacity;
Reading table information for completion of table and column names
You can turn off this feature to get a quicker startup with -A

Database changed
MySQL [udacity]> select * from users;
+----+---------+---------------------+
| id | name    | created_at          |
+----+---------+---------------------+
|  1 | mejdi   | 2022-10-03 12:49:08 |
|  2 | khadija | 2022-10-03 12:49:20 |
|  3 | maryem  | 2022-10-03 12:49:29 |
|  4 | abdou   | 2022-10-03 12:49:35 |
|  5 | bechir  | 2022-10-03 12:49:43 |
+----+---------+---------------------+
5 rows in set (0.00 sec)

MySQL [udacity]> update users set name='henia' where id=5;
Query OK, 1 row affected (0.01 sec)
Rows matched: 1  Changed: 1  Warnings: 0

MySQL [udacity]> select * from users;
+----+---------+---------------------+
| id | name    | created_at          |
+----+---------+---------------------+
|  1 | mejdi   | 2022-10-03 12:49:08 |
|  2 | khadija | 2022-10-03 12:49:20 |
|  3 | maryem  | 2022-10-03 12:49:29 |
|  4 | abdou   | 2022-10-03 12:49:35 |
|  5 | henia   | 2022-10-03 12:49:43 |
+----+---------+---------------------+
5 rows in set (0.00 sec)

MySQL [udacity]> insert into users(name) VALUES('issa');
Query OK, 1 row affected (0.01 sec)

MySQL [udacity]> select * from users;
+----+---------+---------------------+
| id | name    | created_at          |
+----+---------+---------------------+
|  1 | mejdi   | 2022-10-03 12:49:08 |
|  2 | khadija | 2022-10-03 12:49:20 |
|  3 | maryem  | 2022-10-03 12:49:29 |
|  4 | abdou   | 2022-10-03 12:49:35 |
|  5 | henia   | 2022-10-03 12:49:43 |
|  6 | issa    | 2022-10-03 14:08:01 |
+----+---------+---------------------+
6 rows in set (0.00 sec)

MySQL [udacity]> delete from users where id>=5;
Query OK, 2 rows affected (0.01 sec)

MySQL [udacity]> select * from users;
+----+---------+---------------------+
| id | name    | created_at          |
+----+---------+---------------------+
|  1 | mejdi   | 2022-10-03 12:49:08 |
|  2 | khadija | 2022-10-03 12:49:20 |
|  3 | maryem  | 2022-10-03 12:49:29 |
|  4 | abdou   | 2022-10-03 12:49:35 |
+----+---------+---------------------+
4 rows in set (0.00 sec)

MySQL [udacity]> exit
Bye
[ec2-user@ip-10-2-1-233 ~]$ exi

